SrFeeClerkUserUserName,SrFeeClerkUserPWD
barSFC0001@mailinator.com,Pass19word
barSFC0002@mailinator.com,Pass19word
barSFC0003@mailinator.com,Pass19word
barSFC0004@mailinator.com,Pass19word
barSFC0005@mailinator.com,Pass19word
barSFC0006@mailinator.com,Pass19word
barSFC0007@mailinator.com,Pass19word
barSFC0008@mailinator.com,Pass19word
barSFC0009@mailinator.com,Pass19word
barSFC00010@mailinator.com,Pass19word
barSFC00011@mailinator.com,Pass19word
barSFC00012@mailinator.com,Pass19word
barSFC00013@mailinator.com,Pass19word
barSFC00014@mailinator.com,Pass19word
barSFC00015@mailinator.com,Pass19word
barSFC00016@mailinator.com,Pass19word
barSFC00017@mailinator.com,Pass19word
barSFC00018@mailinator.com,Pass19word
barSFC00019@mailinator.com,Pass19word
barSFC00020@mailinator.com,Pass19word
barSFC00021@mailinator.com,Pass19word
barSFC00022@mailinator.com,Pass19word
barSFC00023@mailinator.com,Pass19word
barSFC00024@mailinator.com,Pass19word
barSFC00025@mailinator.com,Pass19word
barSFC00026@mailinator.com,Pass19word
barSFC00027@mailinator.com,Pass19word
barSFC00028@mailinator.com,Pass19word
barSFC00029@mailinator.com,Pass19word
barSFC00030@mailinator.com,Pass19word
barSFC00031@mailinator.com,Pass19word
barSFC00032@mailinator.com,Pass19word
barSFC00033@mailinator.com,Pass19word
barSFC00034@mailinator.com,Pass19word
barSFC00035@mailinator.com,Pass19word
barSFC00036@mailinator.com,Pass19word
barSFC00037@mailinator.com,Pass19word
barSFC00038@mailinator.com,Pass19word
barSFC00039@mailinator.com,Pass19word
barSFC00040@mailinator.com,Pass19word
barSFC00041@mailinator.com,Pass19word
barSFC00042@mailinator.com,Pass19word
barSFC00043@mailinator.com,Pass19word
barSFC00044@mailinator.com,Pass19word
barSFC00045@mailinator.com,Pass19word
barSFC00046@mailinator.com,Pass19word
barSFC00047@mailinator.com,Pass19word
barSFC00048@mailinator.com,Pass19word
barSFC00049@mailinator.com,Pass19word
barSFC00050@mailinator.com,Pass19word
barSFC00051@mailinator.com,Pass19word
barSFC00052@mailinator.com,Pass19word
barSFC00053@mailinator.com,Pass19word
barSFC00054@mailinator.com,Pass19word
barSFC00055@mailinator.com,Pass19word
barSFC00056@mailinator.com,Pass19word
barSFC00057@mailinator.com,Pass19word
barSFC00058@mailinator.com,Pass19word
barSFC00059@mailinator.com,Pass19word
barSFC00060@mailinator.com,Pass19word
barSFC00061@mailinator.com,Pass19word
barSFC00062@mailinator.com,Pass19word
barSFC00063@mailinator.com,Pass19word
barSFC00064@mailinator.com,Pass19word
barSFC00065@mailinator.com,Pass19word
barSFC00066@mailinator.com,Pass19word
barSFC00067@mailinator.com,Pass19word
barSFC00068@mailinator.com,Pass19word
barSFC00069@mailinator.com,Pass19word
barSFC00070@mailinator.com,Pass19word
barSFC00071@mailinator.com,Pass19word
barSFC00072@mailinator.com,Pass19word
barSFC00073@mailinator.com,Pass19word
barSFC00074@mailinator.com,Pass19word
barSFC00075@mailinator.com,Pass19word
