FCUserName,FCUserPWD
barFC0001@mailinator.com,Pass19word
barFC0002@mailinator.com,Pass19word
barFC0003@mailinator.com,Pass19word
barFC0004@mailinator.com,Pass19word
barFC0005@mailinator.com,Pass19word
barFC0006@mailinator.com,Pass19word
barFC0007@mailinator.com,Pass19word
barFC0008@mailinator.com,Pass19word
barFC0009@mailinator.com,Pass19word
barFC00010@mailinator.com,Pass19word
barFC00011@mailinator.com,Pass19word
barFC00012@mailinator.com,Pass19word
barFC00013@mailinator.com,Pass19word
barFC00014@mailinator.com,Pass19word
barFC00015@mailinator.com,Pass19word
barFC00016@mailinator.com,Pass19word
barFC00017@mailinator.com,Pass19word
barFC00018@mailinator.com,Pass19word
barFC00019@mailinator.com,Pass19word
barFC00020@mailinator.com,Pass19word
barFC00021@mailinator.com,Pass19word
barFC00022@mailinator.com,Pass19word
barFC00023@mailinator.com,Pass19word
barFC00024@mailinator.com,Pass19word
barFC00025@mailinator.com,Pass19word
barFC00026@mailinator.com,Pass19word
barFC00027@mailinator.com,Pass19word
barFC00028@mailinator.com,Pass19word
barFC00029@mailinator.com,Pass19word
barFC00030@mailinator.com,Pass19word
barFC00031@mailinator.com,Pass19word
barFC00032@mailinator.com,Pass19word
barFC00033@mailinator.com,Pass19word
barFC00034@mailinator.com,Pass19word
barFC00035@mailinator.com,Pass19word
barFC00036@mailinator.com,Pass19word
barFC00037@mailinator.com,Pass19word
barFC00038@mailinator.com,Pass19word
barFC00039@mailinator.com,Pass19word
barFC00040@mailinator.com,Pass19word
barFC00041@mailinator.com,Pass19word
barFC00042@mailinator.com,Pass19word
barFC00043@mailinator.com,Pass19word
barFC00044@mailinator.com,Pass19word
barFC00045@mailinator.com,Pass19word
barFC00046@mailinator.com,Pass19word
barFC00047@mailinator.com,Pass19word
barFC00048@mailinator.com,Pass19word
barFC00049@mailinator.com,Pass19word
barFC00050@mailinator.com,Pass19word
barFC00051@mailinator.com,Pass19word
barFC00052@mailinator.com,Pass19word
barFC00053@mailinator.com,Pass19word
barFC00054@mailinator.com,Pass19word
barFC00055@mailinator.com,Pass19word
barFC00056@mailinator.com,Pass19word
barFC00057@mailinator.com,Pass19word
barFC00058@mailinator.com,Pass19word
barFC00059@mailinator.com,Pass19word
barFC00060@mailinator.com,Pass19word
barFC00061@mailinator.com,Pass19word
barFC00062@mailinator.com,Pass19word
barFC00063@mailinator.com,Pass19word
barFC00064@mailinator.com,Pass19word
barFC00065@mailinator.com,Pass19word
barFC00066@mailinator.com,Pass19word
barFC00067@mailinator.com,Pass19word
barFC00068@mailinator.com,Pass19word
barFC00069@mailinator.com,Pass19word
barFC00070@mailinator.com,Pass19word
barFC00071@mailinator.com,Pass19word
barFC00072@mailinator.com,Pass19word
barFC00073@mailinator.com,Pass19word
barFC00074@mailinator.com,Pass19word
barFC00075@mailinator.com,Pass19word
barFC00076@mailinator.com,Pass19word
barFC00077@mailinator.com,Pass19word
barFC00078@mailinator.com,Pass19word
barFC00079@mailinator.com,Pass19word
barFC00080@mailinator.com,Pass19word
barFC00081@mailinator.com,Pass19word
barFC00082@mailinator.com,Pass19word
barFC00083@mailinator.com,Pass19word
barFC00084@mailinator.com,Pass19word
barFC00085@mailinator.com,Pass19word
barFC00086@mailinator.com,Pass19word
barFC00087@mailinator.com,Pass19word
barFC00088@mailinator.com,Pass19word
barFC00089@mailinator.com,Pass19word
barFC00090@mailinator.com,Pass19word
barFC00091@mailinator.com,Pass19word
barFC00092@mailinator.com,Pass19word
barFC00093@mailinator.com,Pass19word
barFC00094@mailinator.com,Pass19word
barFC00095@mailinator.com,Pass19word
barFC00096@mailinator.com,Pass19word
barFC00097@mailinator.com,Pass19word
barFC00098@mailinator.com,Pass19word
barFC00099@mailinator.com,Pass19word
barFC000100@mailinator.com,Pass19word
barFC000101@mailinator.com,Pass19word
barFC000102@mailinator.com,Pass19word
barFC000103@mailinator.com,Pass19word
barFC000104@mailinator.com,Pass19word
barFC000105@mailinator.com,Pass19word
barFC000106@mailinator.com,Pass19word
barFC000107@mailinator.com,Pass19word
barFC000108@mailinator.com,Pass19word
barFC000109@mailinator.com,Pass19word
barFC000110@mailinator.com,Pass19word
barFC000111@mailinator.com,Pass19word
barFC000112@mailinator.com,Pass19word
barFC000113@mailinator.com,Pass19word
barFC000114@mailinator.com,Pass19word
barFC000115@mailinator.com,Pass19word
barFC000116@mailinator.com,Pass19word
barFC000117@mailinator.com,Pass19word
barFC000118@mailinator.com,Pass19word
barFC000119@mailinator.com,Pass19word
barFC000120@mailinator.com,Pass19word
barFC000121@mailinator.com,Pass19word
barFC000122@mailinator.com,Pass19word
barFC000123@mailinator.com,Pass19word
barFC000124@mailinator.com,Pass19word
barFC000125@mailinator.com,Pass19word
barFC000126@mailinator.com,Pass19word
barFC000127@mailinator.com,Pass19word
barFC000128@mailinator.com,Pass19word
barFC000129@mailinator.com,Pass19word
barFC000130@mailinator.com,Pass19word
barFC000131@mailinator.com,Pass19word
barFC000132@mailinator.com,Pass19word
barFC000133@mailinator.com,Pass19word
barFC000134@mailinator.com,Pass19word
barFC000135@mailinator.com,Pass19word
barFC000136@mailinator.com,Pass19word
barFC000137@mailinator.com,Pass19word
barFC000138@mailinator.com,Pass19word
barFC000139@mailinator.com,Pass19word
barFC000140@mailinator.com,Pass19word
barFC000141@mailinator.com,Pass19word
barFC000142@mailinator.com,Pass19word
barFC000143@mailinator.com,Pass19word
barFC000144@mailinator.com,Pass19word
barFC000145@mailinator.com,Pass19word
barFC000146@mailinator.com,Pass19word
barFC000147@mailinator.com,Pass19word
barFC000148@mailinator.com,Pass19word
barFC000149@mailinator.com,Pass19word
barFC000150@mailinator.com,Pass19word
barFC000151@mailinator.com,Pass19word
barFC000152@mailinator.com,Pass19word
barFC000153@mailinator.com,Pass19word
barFC000154@mailinator.com,Pass19word
barFC000155@mailinator.com,Pass19word
barFC000156@mailinator.com,Pass19word
barFC000157@mailinator.com,Pass19word
barFC000158@mailinator.com,Pass19word
barFC000159@mailinator.com,Pass19word
barFC000160@mailinator.com,Pass19word
barFC000161@mailinator.com,Pass19word
barFC000162@mailinator.com,Pass19word
barFC000163@mailinator.com,Pass19word
barFC000164@mailinator.com,Pass19word
barFC000165@mailinator.com,Pass19word
barFC000166@mailinator.com,Pass19word
barFC000167@mailinator.com,Pass19word
barFC000168@mailinator.com,Pass19word
barFC000169@mailinator.com,Pass19word
barFC000170@mailinator.com,Pass19word
barFC000171@mailinator.com,Pass19word
barFC000172@mailinator.com,Pass19word
barFC000173@mailinator.com,Pass19word
barFC000174@mailinator.com,Pass19word
barFC000175@mailinator.com,Pass19word
barFC000176@mailinator.com,Pass19word
barFC000177@mailinator.com,Pass19word
barFC000178@mailinator.com,Pass19word
barFC000179@mailinator.com,Pass19word
barFC000180@mailinator.com,Pass19word
barFC000181@mailinator.com,Pass19word
barFC000182@mailinator.com,Pass19word
barFC000183@mailinator.com,Pass19word
barFC000184@mailinator.com,Pass19word
barFC000185@mailinator.com,Pass19word
barFC000186@mailinator.com,Pass19word
barFC000187@mailinator.com,Pass19word
barFC000188@mailinator.com,Pass19word
barFC000189@mailinator.com,Pass19word
barFC000190@mailinator.com,Pass19word
barFC000191@mailinator.com,Pass19word
barFC000192@mailinator.com,Pass19word
barFC000193@mailinator.com,Pass19word
barFC000194@mailinator.com,Pass19word
barFC000195@mailinator.com,Pass19word
barFC000196@mailinator.com,Pass19word
barFC000197@mailinator.com,Pass19word
barFC000198@mailinator.com,Pass19word
barFC000199@mailinator.com,Pass19word
barFC000200@mailinator.com,Pass19word
barFC000201@mailinator.com,Pass19word
barFC000202@mailinator.com,Pass19word
barFC000203@mailinator.com,Pass19word
barFC000204@mailinator.com,Pass19word
barFC000205@mailinator.com,Pass19word
barFC000206@mailinator.com,Pass19word
barFC000207@mailinator.com,Pass19word
barFC000208@mailinator.com,Pass19word
barFC000209@mailinator.com,Pass19word
barFC000210@mailinator.com,Pass19word
barFC000211@mailinator.com,Pass19word
barFC000212@mailinator.com,Pass19word
barFC000213@mailinator.com,Pass19word
barFC000214@mailinator.com,Pass19word
barFC000215@mailinator.com,Pass19word
barFC000216@mailinator.com,Pass19word
barFC000217@mailinator.com,Pass19word
barFC000218@mailinator.com,Pass19word
barFC000219@mailinator.com,Pass19word
barFC000220@mailinator.com,Pass19word
barFC000221@mailinator.com,Pass19word
barFC000222@mailinator.com,Pass19word
barFC000223@mailinator.com,Pass19word
barFC000224@mailinator.com,Pass19word
barFC000225@mailinator.com,Pass19word
barFC000226@mailinator.com,Pass19word
barFC000227@mailinator.com,Pass19word
barFC000228@mailinator.com,Pass19word
barFC000229@mailinator.com,Pass19word
barFC000230@mailinator.com,Pass19word
barFC000231@mailinator.com,Pass19word
barFC000232@mailinator.com,Pass19word
barFC000233@mailinator.com,Pass19word
barFC000234@mailinator.com,Pass19word
barFC000235@mailinator.com,Pass19word
barFC000236@mailinator.com,Pass19word
barFC000237@mailinator.com,Pass19word
barFC000238@mailinator.com,Pass19word
barFC000239@mailinator.com,Pass19word
barFC000240@mailinator.com,Pass19word
barFC000241@mailinator.com,Pass19word
barFC000242@mailinator.com,Pass19word
barFC000243@mailinator.com,Pass19word
barFC000244@mailinator.com,Pass19word
barFC000245@mailinator.com,Pass19word
barFC000246@mailinator.com,Pass19word
barFC000247@mailinator.com,Pass19word
barFC000248@mailinator.com,Pass19word
barFC000249@mailinator.com,Pass19word
barFC000250@mailinator.com,Pass19word